id,type,text1,text2,text3,notes,Column 07,Column 08
,,,,,,,
#星球/地图建筑描述,,,,,,,
TDB_jdgdfy,CUSTOM,[越空防壁]计划的组成部分之一，由许多独立的中小型无人轨道防御平台组成的拦截网络，能一定程度上拦截敌军的舰船并可让敌方对地行动变得异常困难。,,,,,
,,,,,,,
TDB_planet1_description,CUSTOM,弧光设计局的掌上明珠，这里汇聚了它最尖端的生产线和研究机构，以及只对极少数客户开放的高端售卖市场。由常规舰队与高度自主的“遥控”舰群组成联合防御力量，与那座令人望而生畏的星际要塞一同，时刻拱卫着这颗不容染指的工业瑰宝。,,"除了守卫着Intersection的星际要塞外，在近地轨道上还整齐的排列着数不清的防御平台，你能清楚的看见他们闪烁的信号灯与搭载炮台，如同一张大网将整个 Intersection 包围了起来。

下方处于黑夜中城市的灯光将整个星球点缀的如同星空般璀璨，而在较远处似乎有一台特殊的大号平台正向着星球背光面投射下皎白的光辉。",,,
,,,,,,,
TDB_station,CUSTOM,一座早在“大崩塌”之前便已矗立于轨道之上的星际要塞。它不仅是守护下方星球的锚，更承担着整星系舰队的调度、维护与补给中枢。漫长岁月中，这座要塞经历了持续而系统化的结构性改造——古老的核心框架与层层迭加的尖端模块相互交融，使其穿越时光，始终保持着超越时代的威慑力与运作效能。,,"巨大的星际要塞既是弧光设计局的太空力量的重要基地也是确保Intersection安全与贸易正常的重要锚点之一，任何企图靠近的军事与民用舰船都在其庞大的雷达与通讯阵列扫描。

周围巡逻的设计局所属载人舰船配合无人舰船热情的引导着来往的民用舰船入港与离去，使得整个要塞繁华却并不混乱。",,,
TDB_Survey_ship,CUSTOM,一艘来自人之领时代的勘探母舰，其早已废弃并静静的环绕着 Indulge 公转。破败不堪的舰体上有弧光设计局写出的提示“危险区域，请勿靠近”。,,这艘长眠于此的堪探母舰内部的大部分设备已经被设计局拆除，只剩下了空置的船坞与大面积的空旷区域。部分警示灯与警示牌依靠被动式能源收集器还在勉强的工作着。,,,
TDB_planet2_description,CUSTOM,尽管 Hawkes IV 的环境极其恶劣，但它凭借储量惊人的矿产资源和散布其上的废墟遗迹，被弧光设计局列入优先开发名单。为拉拢潜在盟友，设计局对符合条件的组织开放了在合理范围内的开采权限。,,俯视这颗星球，自动化采矿站正不停的在向星球各处的采矿点来回发送补给舱，大量的工程无人机穿梭于地表巨大的矿坑间进行开采作业所散发出的灯光也将这片无人的大地点缀的有了些许的人间烟火气。,,,
TDB_planet4_description,CUSTOM,弧光设计局部署于Hawkes IV上空的自动化武装采矿站，统筹地表所有采矿设备的高强度开采作业，将收集的矿物分拣归类后转运至首都进行精加工。凭扼守关键轨道的位置优势，它同时充当着星系的预警前哨。尽管整座站点的日常运作已高度自动化，设计局仍在此保留了必要的人类驻留人员。这既是出于对霸主AI禁令的表面遵循，也源于当局自身对将一座武装空间站完全交由AI管理的深层顾虑。港口设施可供信誉档案干净的访客临时锚泊，补充燃料并进行有限的舰体维修。用弧光设计局喜欢的方式说，这是一种“投资”。,,"各种矿物被装船再运往目的地，各种补给舱被发往下方位于星球上的采矿点。十分繁忙的场景，但在自动化ai的精确控制下十分的有条不紊。
很快你收到了来自空间站管理员的例行提醒——如果想在此进行私人开采作业，请出示准许证明。",,,
,,,,,,,
#势力介绍,,,,,,,
TDB,FACTION,"弧光设计局是大崩塌后崛起的高科技军工集团。其前身在大崩塌前似乎就已存在，但已无从考量。

第一次席卷英仙座的AI战争期间，弧光展现了近乎本能的狡黠——他们并未选择正面交锋，而是迅速向英仙座联盟靠拢，以技术供应商身份间接站队参战。这种姿态让他们避免了被重创的命运，但作为战败方却也招致了战后霸主的反复敲打。弧光设计局最终仅以象征性地“遵守了”AI禁令搪塞过关，但其常规舰队体系并未受到实质冲击，真正的AI研究核心转入地下，至今未曾停歇。

第二次AI战争期间，弧光则选择了置身事外。当速子与霸主再度交战时，设计局保持了令人玩味的沉默。这份沉默的回报是——当战争末期监管力降至最低时，越空防壁计划开始逐步走向台前。这项对外宣称为“远程遥控无人舰艇研发”的项目，弧光当局坚称其由人类远程操控——但它在暗处持续进行着远超“遥控”范畴的AI研究，早已是心照不宣的事实。

这使得即便在AI战争已逐渐成为历史的今天，弧光与霸主、卢德教会之间依旧弥漫着一触即发的火药味。双方维持着薄如蝉翼的伪装，避免对峙升级为全面战争。目前，弧光设计局以其性能卓越的舰船与战机闻名星区，为那些经过严格筛选的客户提供优雅且致命的武装方案——只要你肯支付足够的代价。",,,,,
,,,,,,,
#战机联队,,,,,,,
TDB_quan_fan_she,SHIP,放眼整片已知星域，全反射级超级战机几乎是一个孤高的传说——你很难找到第二架能与之比肩的飞行器。其武器系统足以撕碎护卫舰乃至驱逐舰，机身两侧常态化挂载的泛光源无人机则在交战伊始自动展开，将来袭敌机尽数拒止于致命半径之外。如此性能自然伴随着令人却步的造价，因此战场上极少能见到它们的身影。据悉，这些数量有限的超级战机被优先配发给王牌飞行中队，其中一些中队还为自己的座驾定制了专属涂装或改装。,,,,,
TDB_mi_san_guang,SHIP,一款大气与宇宙空间两用的无人战斗机。因设计局本部的泛光源拦截机无法满足舰队战中日益严苛的制空需求而研发。多联装导弹与高速机炮使其能高效收割轻型目标，但在面对中型以上舰船的厚重装甲时，这些火力便显得力不从心。它真正的骄傲在于那具优异的气动外形——即使在大气层内，也能以撕裂气流的高速穿梭战场，仿佛重力从未成为它的枷锁。,,,,,
TDB_shuang_zhe_she,SHIP,双折射是专为反舰任务设计的先进战机，也是弥散光最完美的战术搭档。它擅长以离子炮瘫痪目标设备，同时用光束炮剖开装甲与船体。尽管两机在设计理念上截然不同，但为确保混编协同的流畅性，双折射在大气/宇宙适用性、航程与机动指标上与弥散光严格对标。正因如此，它被公认为弥散光最完美的搭档。,,,,,
TDB_bian_ge,SHIP,变革级重型炮艇机由设计局专为持续对地火力压制任务设计，拥有独立往返大气层的能力。舰队战中，它会为舰身密布的火炮阵列装填特制防空弹药，以连绵的齐射制造密集弹幕拦截敌机。其齐射形成的弹幕规模极为夸张，远远望去，宛如一朵在虚空中绽开的巨大烟花。而对于敌方飞行员来说，这朵“烟花”宣告着前方再无生路——那是一场为他们隆重举办的葬礼。,,,,,
TDB_man_fan_she,SHIP,漫反射级是弧光设计局在越空防壁计划中，于护航机方向上的一次激进实验。它为搭载舰船级先进目标定位系统而牺牲了护盾发生器，以换取极远距离上的压制能力。结果显而易见——它能在敌人尚未锁定自己时便发起压制。厚重的装甲是它仅存的防御手段，也是它足够自信的底气。,,,,,
TDB_pian_zhen_guang1,SHIP,偏振光级是设计局对“重型高速轰炸机”这一概念的忠实回答。强劲的引擎赋予它足以甩开拦截机的冲刺速度，厚重的护盾与装甲则确保它在防空火网中存活到投弹完成。其携带的特制能量鱼雷对装甲与护盾均能构成致命威胁。它是设计局在轰炸机序列中倾注信任的坚实选择。,,,,,
TDB_fan_guang_yuan,SHIP,泛光源作为设计局本部的标准量产拦截无人机。单机仅配备一门风阻近防炮与基础级护盾发生器。但它的造价已经被压低到了弹药的级别——当一架战机便宜到可以像炮弹一样被消耗时，数量便成为了它最可怕的武器。,,,,,
TDB_ke_jian_guang,SHIP,一款诞生于越空防壁计划的超重型无人轰炸机。它厚重、缓慢、庞大，完全由AI操控，这架昂贵且自卫能力有限的巨兽飞入战场的目的只有一个：将实验性的共振光束鱼雷“九尾狐”运载至指定位置。,,,,,
TDB_dian_guang_yuan,SHIP,和漫反射一样同属于越空防壁设计的无人护航机，点光源级凭借自身搭载的结霜导弹为母舰提供反护盾火力投射，并在敌方导弹来袭时投放诱饵弹辅助拦截。同样的，为了容纳大型的武器阵列该机没有装载护盾系统。,,,,,
TDB_shui_yin_deng,SHIP,设计局出品的无人防御平台，用坚固的身躯与远距离pd激光为母舰抵挡部分火力。,,,,,
,,,,,,,
#舰船描述,,,,,,,
TDB_yuan_wei,SHIP,"鸢尾级原本是菲尔德利斯家族定制的游艇，但在一次时间线的改变之中，她的舰体被某位闲者妖怪收入了隙间并进行了改造。

“但是这个东西可以带两门反物质冲击波，极端情况下可以打出很惊人的战损。”那位闲者妖怪如是说。

菲尔德利斯家族的孩子最终也踏入了传承自血脉的诅咒领域，令人在感慨时间线的嬗变的同时不禁臆想，接下来究竟会发生什么。",,,,,
,,,,,,,
TDB_gugu,SHIP,"外观上只是一艘身披弧光设计局涂装的风筝-级穿梭机，传感器检测到与风筝-级类似的导弹挂架改造，但原本应是观景圆顶的区域却返回了难以理解的读数。

恍惚中有点点青蓝飘过，宛如空谷幽鸣，歌声飘渺，温柔而略显沙哑。浅吟清唱间，你似乎听到有另一处歌声在与之共鸣。当你试图去追寻这歌声之时，它却随风飘散在星空中。

然而你有一种感觉，她似乎在期盼与你合唱一曲。",,,,,
,,,,,,,
TDB_lang_chao,SHIP,冷凝云级是设计局与楼兰工业保守派技术交流的结果之一，其在原型 浪潮(M)级导弹驱逐舰 的基础上取消掉了两侧的小型槽位换装为设计局自研的点防御导弹，同时舰船内的结构与子系统也根据设计局的海军学说进行了大幅度的调整与改造。,,,,,
,,,,,,,
TDB_hui_feng,SHIP,这是一艘由无数纳米机器人组成的舰船完全可以全自动运行，但不知为何却保留了一个成员的空间，当你去询问灰风时灰风却总是闭口不谈。,,,,,
,,,,,,,
TDB_Pansy,SHIP,"这艘船上集成了一个被尝试修复过的神秘且精巧的系统，由未知能源驱动。

项目编号A-1348B39，弧光设计局验证灵能技术的实验性舰船，后根据日志记录修改舰名为“三色堇”。
该舰被从一个寥无人烟的深空发现并成功恢复了部分系统运作，后回到文明世界重新恢复运作。

舰船日志里记载着几份来往家信，还有一段未发送草稿。
[通讯记录C8-02D1-205709]
“日来平安，勿念。”
[状态：未发送]",,,,,
,,,,,,,
TDB_yun_cheng,SHIP,"这是一艘专门为探索者们设计的专业后勤舰，她能够在运载大量货物的同时携带数量可观的燃料。

云城级作为""狐狸座""计划中最引人注目的存在，其拥有强大且完善的后勤与陆战支援系统，能轻松独自维持一只中小型舰队的所有后勤需求。在舰队中拥有积雨云级的辅助时更是将她的实力发挥到了极致，甚至在传闻中能够完成不亚于现场造船的高难度维修行动。如果你此时正准备去探索这个宇宙而却苦于没有合适好用的运输舰，那么选她就对了！",,,,,
,,,,,,,
TDB_ye_guang_yun,SHIP,夜光云级护卫舰将“安全第一”的设计理念贯彻到底：无人防御平台与小型护盾加压系统，令它在中小规模战场中近乎坚不可摧。防空垂发导弹系统还能为远方友军提供防空掩护。可惜，这艘船的定位注定了它要被派往高危前线——于是，所有精心设计的防护措施，最终都成了船员们仅有的心理安慰。也正因如此，被派去夜光云服役，在大多数船员私下里看来，无异于抽中了那支最没得选的下下签。,,,,,
,,,,,,,
TDB_ji_liu_1,SHIP,"激流级的巨大舰体内搭载了一座仿制现实透孔仪建造的跃迁系统。通过撕裂与扭曲局部现实，该舰能实现超距跃迁，并在抵达目标点时引发空间震荡，伤害附近敌对目标，且有概率回溯少量自身结构。舰首的特殊光束炮参与击毁目标后，可为跃迁系统注入能量，大幅缩短冷却时间。良好的炮台射界与机动性，配合自身搭载的无人机，令其能以极快的速度支援周边盟友或实施战术转移。

正如官方所言，这艘战舰是名副其实的舞者。

该舰是弧光设计局越空防壁计划产物之一。对外宣称为通过特定系统远程操作的无人舰艇“不适合远程巡航”。该种设计的战舰被广泛部署于弧光设计总局周边进行防御。",,,,,
,,,,,,,
TDB_xi_yu_1,SHIP,"细雨级无人轻型航空母舰是越空防壁计划中生产数量最多的无人作战平台。严格来说它更像一座被焊上了引擎的多功能武器站，而非一艘传统意义上的战舰。廉价、量产这些特质注定了它在同级舰中尤为脆弱。但论及支援能力，它从未令人失望。

该舰是弧光设计局越空防壁计划产物之一。对外宣称为通过特定系统远程操作的无人舰艇“不适合远程巡航”。该种设计的战舰被广泛部署于弧光设计总局周边进行防御。",,,,,
,,,,,,,
TDB_chuan_yun_1,SHIP,"穿云级无人预警舰是越空防壁计划中的核心节点。其搭载的大型预警雷达可同时执行相位压制、火力引导及电子对抗任务，而最为突出的能力，则是为舰队提供空前广阔的战场态势感知。然而，该型舰的舰体防护极为薄弱，使其在战场上极易成为敌方优先照顾集火的目标。

该舰是弧光设计局越空防壁计划产物之一。对外宣称为通过特定系统远程操作的无人舰艇“不适合远程巡航”。该种设计的战舰被广泛部署于弧光设计总局周边进行防御。",,,,,
,,,,,,,
TDB_feng_ya_1,SHIP,"风压级无人驱逐舰依靠优秀的电网与机动性，成为了越空防壁舰队的中坚力量。但作为一种量产型船只，它在高压作战环境下会明显乏力。如果说细雨级是多用途武器站，那么风压级就是纯粹的移动炮台。不过，前线大量的损失报告表明：即便风压的生存性能相较于同系列小型舰船略有提高，它依旧十分惧怕来自舰载机的威胁。

该舰是弧光设计局越空防壁计划产物之一。对外宣称为通过特定系统远程操作的无人舰艇“不适合远程巡航”。该种设计的战舰被广泛部署于弧光设计总局周边进行防御。",,,,,
,,,,,,,
TDB_tai_yang_yu_1,SHIP,"一艘对外宣称尚处试航阶段的巨舰——试航中，至少官方是这么说的。其庞大而完善的武器系统可兼容各型常规炮台与导弹发射装置，舰体中后部搭载的巨型加压线圈则赋予它持续为大型护盾稳定加压的能力。据官方透露，该舰足以独自压制乃至击溃一支小型舰队。更耐人寻味的是，迄今仅凭星区内流出的寥寥数张照片，这艘巨舰便以其刚毅而流畅的舰身线条，征服了无数军事爱好者。

该舰是弧光设计局越空防壁计划产物之一。对外宣称为通过特定系统远程操作的无人舰艇“不适合远程巡航”。该种设计的战舰被广泛部署于弧光设计总局周边进行防御。",,,,,
,,,,,,,
TDB_gu_yu,SHIP,"谷雨级是一艘以支撑战线为设计理念的重型巡洋舰，几乎将全部重心放在了防御与生存上。其大规模模块化设计、专职防御的无人机群与独特的双层护盾系统，共同赋予了它无与伦比的战场韧性。这艘舰船存在的价值，是成为战场上永不沉没的支点，为整个舰队提供坚实的基石。

但这份韧性是有代价的。过于庞大且零碎的模块化设计意味着单个模块更易损毁。高烈度战斗后常有多个模块被击毁，有时候整艘船甚至只剩一个核心能够回来。面对这种修复规模和重建几乎差不了多少的情况，设计局的后勤部门不得不反复思考一个令人哭笑不得的问题:与其一遍遍拼凑残骸，我们为什么不干脆直接造一艘新的呢？",,,,,
TDB_gu_yu_Z,SHIP,谷雨级的一个模块结构。,,,,,
TDB_gu_yu_Y,SHIP,谷雨级的一个模块结构。,,,,,
TDB_gu_yu_C,SHIP,谷雨级的一个模块结构。,,,,,
,,,,,,,
TDB_ht,SHIP,"寒天学者级是一艘实验性的P空间相位巡洋舰，设计局常将其作为单舰突击力量投入斩首任务。此类作战往往要求舰船在敌后长期隐蔽、伺机而动。为最大限度降低相位线圈持续运转带来的空间辐射与精神负荷对乘员的累积伤害，同时避免亚空间潜航对船员心理造成的不可逆影响，设计局最终决定将该舰转移至越空防壁计划定为无人型号。

当你观测到多波次相位鱼雷正以惊人的速度从P空间中浮出时，那便是寒天学者级即将浮出、给予猎物致命一击的信号。不过，这个“信号”不如说是讣告——等你察觉鱼雷的轨迹，自己早已是砧板上的鱼肉了。

该舰是弧光设计局越空防壁计划产物之一。对外宣称为通过特定系统远程操作的无人舰艇“不适合远程巡航”。该种设计的战舰被广泛部署于弧光设计总局周边进行防御。",,,,,
,,,,,,,
TDB_qiong_ding,SHIP,"穹顶级大型巡洋舰重新定义了同级舰船的标杆。颠覆性的火力与电网配置，充足的飞行甲板与独特的战术系统，你几乎能在它的身上找到你想要的一切。

大型巡洋舰设计介于传统重巡洋舰和战列巡游舰之间，强调高速、强火力的同时具备一定防护，但比战列舰更轻便。穹顶级正是完美贯彻了这种理念的产物，它是中小型舰队梦寐以求的绝对核心。在战斗中能轻松碾压绝大多数巡洋舰和驱逐舰，哪怕是远超其吨位的主力级战舰也很难从它手上讨到多少好处。

然而，其略显低下的费效比也引来了不少反对声:“既然能上战列舰或战列巡洋舰，那还何必要它呢？”",,,,,
,,,,,,,
TDB_ren_zhao_guang,SHIP,"这是一艘被尘封多年的战舰，舰船内的一切都被收拾的整整齐齐。

你直径来到指挥室，发现指挥室的舰长座位上放着一封信，看字迹你很确定写信的还是那位少女。信上为你介绍了这艘船的经历。

正如她的名字一般，她曾是一个破灭帝国雄心的体现，但随着帝国的衰败与破灭她却以另一种形式放射出微弱的光。

这抹光并没有随着帝国的败落而逐渐消失，她的意志已被后人所延续，而她的使命也已完成。

——“现在我将她赠予你，请你用它来书写属于你的光辉吧。”",,,,,
,,,,,,,
TDB_dong_yu,SHIP,冬雨级战列巡洋舰作为一艘次主力舰拥有着十分可观的机动性，搭载于其内部的空间偏移系统作为设计局的得意研发之一，可以在启动期间为其提供极大的伤害减免，速度和质量加成，让她在面对复杂的战场环境时可以相对灵活的调度，并在关键时刻成为撕裂敌人阵线的突破手。在后续的改进中，设计局针对该舰围绕突破属性进行了着重改造，添加了一块拥有阻尼系统的模块化装甲，方便维护的同时也让其在正面对抗目标时更加得心应手。,,,,,
TDB_dong_yu_armor,SHIP,冬雨级的模块装甲。,,,,,
,,,,,,,
TDB_yu_lian,SHIP,一种中规中矩的标准驱逐舰，雨帘级被弧光设计局作为常规舰队的中坚力量广泛部署。其武器槽位虽略显不足，但热辐环流线圈与可靠的护盾系统在一定程度上弥补了这些短板。漫长的服役生涯也证明它无明显缺陷，但同样，也谈不上任何亮眼之处。不过，当一艘船最锋利的武器是“让人想不起它有什么缺点”时，它或许已经赢了。,,,,,
,,,,,,,
TDB_feng_xian,SHIP,风弦级护卫舰的造价曾让设计局的财务部门眼前一黑，不仅单舰成本高昂，其占用的部署资源也远超同级护卫舰。但它换回了一套能将舰船短暂带入特殊空间的驱动系统，以及远超同级的电网配置。在实战中，这意味着它能从包围圈的缝隙里消失，又在敌人最脆弱的方位重新浮现，递出致命一击。护卫舰的天职是开路与抢点，而风弦级把这两件事做到了极致。,,,,,
,,,,,,,
TDB_he_feng,SHIP,专门为探险家设计的货舰，能在装载数量可观的货物同时携带一定量的燃油。舰体集成了先进的勘探设备让其注定能在你打捞探险的旅途中大放异彩。,,,,,
,,,,,,,
TDB_hengfeng,SHIP,如果要选出最能代表弧光设计局的舰船，那答案非恒风级战列舰莫属。作为设计局产量最大、技术最成熟的主力舰，其设计理念完美诠释了弧光海军的核心学说。“霜痕”巡航导弹垂发系统与先进目标定位系统令它无愧于火力平台之称，能在极远距离上对敌军舰队展开打击，内置的热幅环流系统则进一步强化了这一属性。然而，为容纳这些庞大系统，舰体装甲被压缩到了战列舰中相当脆弱的水准。任何一名明智的舰长都不会轻视它的远程火力，但同样，也不会让它暴露在集火之中。,,,,,
,,,,,,,
TDB_ji_yu_yun,SHIP,"积雨云级是弧光设计局用预算堆出来的终极答案，也是最强、最昂贵、技术最先进的杰作之一，仅会被部署于最强主力舰队中担任旗舰。尽管作为航空要塞，多数时间坐镇后方，但这艘巨舰凭借其复杂而精密的火力体系与坚固护盾，拥有以一舰之力覆灭整支舰队的威慑力。而她搭载的全套先进战场指挥系统及紧急后勤保障设备，也让其理论上足以支撑与指挥一支大规模特遣舰队。

有确切情报证实，积雨云级已有一艘在弧光海军中服役，但鲜有人目睹其起航。长期的隐匿已让外界开始质疑:这艘巨舰是否仅仅是“存在舰队”的象征？而它的实际作战能力，又是否真如当局所宣称的那般不可战胜？",,,,,
TDB_ji_yu_yun_you,SHIP,积雨云级的一个模块结构。,,,,,
TDB_ji_yu_yun_zuo,SHIP,积雨云级的一个模块结构。,,,,,
,,,,,,,
TDB_ceng_ji_yun,SHIP,"层积云级作为设计局最经常使用的中坚航母，充沛的防空导弹阵列与专业的指挥系统使其能在进行专业航空打击的同时为前线提供大量火力支援。它的设计也依旧对标了星区内苍鹭级，因此它的航行速度也同苍鹭一样配得上高速航母之称。

根据官方消息，层积云级确实在建设时得到了来自盟友[蓝海渔业]的帮助，但根据小道消息称，其实是由于强迫症而改成了对称的舰型，但很显然，这种毫无根据的传言十分站不住脚。
",,,,,
,,,,,,,
#武器描述,,,,,,,
TDB_ling_gan,WEAPON,内置于激流级的特殊光束炮，同现实通孔设备之间链接，可以做到一定程度上的现实扭曲。,,,,,
,,,,,,,
TDB_jiu_wei,WEAPON,出自弧光设计局的实验性光束导弹，通过可以瞬间爆发共振能量束来瞬间瓦解目标的护盾而闻名。其充沛的爆发能量哪怕未能成功命中护盾也能对轻型舰船造成不小的威胁。当她成功突破防空圈并开始扫描你的舰船时，你能做的只有默默祈祷舰船的电网系统能撑得住这一次致命的摧残。,,,,,
,,,,,,,
TDB_shuang_tang,WEAPON,一种常用于地面战场前线的自供能全自动武器站，在简单的改装后可以直接适配于舰艇。尽管这种武器的威力对于大部分星舰，甚至是民用舰船来说基本可以完全忽略不计，尽管这种武器在长时间开火时精度会下降，但几乎等于零的成本还是让她成为了填补槽位的首选。,,,,,
,,,,,,,
TDB_yun_chui,WEAPON,云锤转轮炮采用了转管的形式来达到连续发射的目的，在长时间开火的情况下会导致射击精度的严重下降，但仍不妨碍她是一款不错的反盾武器，甚至在紧急情况下其特制的弹丸在如暴雨般射速的加持下能用来拦截敌方导弹。,,,,,
,,,,,,,
TDB_quan_fan_she,WEAPON,全反射超级战机的主要武器。,,,,,
,,,,,,,
TDB_foehn,WEAPON,专门为偏振光级轰炸机研制的机载鱼雷，能给予被命中的目标重创，不管是护盾还是舰体。,,,,,
,,,,,,,
TDB_jue_xiang1,WEAPON,"弧光设计局设计的专为防空而生的导弹,优秀的追踪能力配合内置的微型纳米锻炉让其成为了敌军空军的噩梦.",,,,,
,,,,,,,
TDB_han_chao,WEAPON,寒潮无人机发射舱虽然看起来更像是完全的军用定位产品，但它依旧是“狐狸座”计划的一部分。发射器仅负责推离发射舱与发射舱的重装填，当发射舱飞离母舰一定距离后会展开并将其中的一次性无人机”畏光症“快速弹出。无人机在离开母舰后会自主进行周边侦察与战斗，在无人机受到严重伤害时，会自动冲向敌人并启动“天空之镜”自毁系统。此武器在一经出售便获取了来自勘探队与佣兵的一致好评。,,,,,
,,,,,,,
TDB_feng_zu,WEAPON,设计局为喜欢实弹舰船的舰长研发的实弹近防炮，风阻近防炮依靠两个三管转轮炮向目标快速倾泻大量弹丸来拦截目标。同样，其狂爆的射速也导致了其在长时间连续开火时射击精度会快速下降。,,,,,
,,,,,,,
TDB_yuen_ying,WEAPON,云影质子撞击炮发射的特制弹头在命中船体后，内部的质子团撞针会撞击原子释放能量，引发分子融毁链式反应。这种从分子层面瓦解舰体结构的方式，令它的毁灭性不可小觑。,,,,,
TDB_yun_ying_L,WEAPON,云影质子撞击炮的六联装放大版本，越空防壁计划最疯狂的产物之一。转轮式发射机构赋予它连续六次开火的能力，巨量装药所引发分子溶解链式反应能彻底毁灭在反应区域内的一切，哪怕星域内最为坚固的船体也不例外。,,,,,
,,,,,,,
TDB_tai_yang_feng,WEAPON,太阳风磁轨炮以极高初速赋予特制电磁弹头惊人的飞行距离。弹头在飞行途中持续释放电弧，命中瞬间引发大范围电磁振荡，融毁目标舰体的电子设备。每次开火所消耗的巨额幅能与造价不菲的弹头，共同支撑着它的毁灭性。,,,,,
,,,,,,,
TDB_ni_lan,WEAPON,逆岚频射光束炮通过激发预制的充能电容器来实现短时间内的快速火力爆发，但这也导致每次全部激发完毕后需要一定时间重新为电容器充能。在舰船处于低幅能水平时，武器的线圈将进行超压充能以提高输出。,,,,,
,,,,,,,
TDB_ji_yu_yun_C,WEAPON,"""倘若我能靠近你，在深海之下遨游的会是什么？""",- [中古时代诗选] 佚名残卷,,,,
TDB_ji_yu_yun_missile_L,WEAPON,零点弹头使用非线性快子调制空间通量进而诱发大量谐振，在护盾背面诱发虚粒子对逃逸下线设备。,- [设计局档案] 报告第132批次，寒流,,,,
TDB_ji_yu_yun_missile_R,WEAPON,零点弹头使用非线性快子调制空间通量进而诱发大量谐振，在护盾背面诱发虚粒子对逃逸下线设备。,- [设计局档案] 报告第132批次，寒流,,,,
TDB_ji_yu_yun_artillery_L,WEAPON,高能级超弦湮灭矩阵通过超同步相位延迟瞬间凝聚兆瓦级空间剪切流，以近光速齐射散射态奇点弹丸，在极窄幅射角内宣泄饱和坍缩能。,- [设计局档案] 报告第133批次，寒流,,,,
TDB_ji_yu_yun_artillery_R,WEAPON,高能级超弦湮灭矩阵通过超同步相位延迟瞬间凝聚兆瓦级空间剪切流，以近光速齐射散射态奇点弹丸，在极窄幅射角内宣泄饱和坍缩能。,- [设计局档案] 报告第133批次，寒流,,,,
TDB_ji_yu_yun_drone_L,WEAPON,蜂群发射架通过量子相干拓扑流重组空域曲率以实现超高密度映射阵列输出，虽载荷外壳受限至极微弱的能障层，但倾泻而出的纳米级微型机体可瞬间穿透敌方相位防御网。,- [设计局档案] 报告第134批次，寒流,,,,
TDB_ji_yu_yun_drone_R,WEAPON,蜂群发射架通过量子相干拓扑流重组空域曲率以实现超高密度映射阵列输出，虽载荷外壳受限至极微弱的能障层，但倾泻而出的纳米级微型机体可瞬间穿透敌方相位防御网。,- [设计局档案] 报告第134批次，寒流,,,,
,,,,,,,
,,,,,,,
TDB_yun_jian,WEAPON,云间垂发导弹作为一款防空导弹是弧光设计局非常成功的设计，拥有的先进的导航 AI 和优秀的破片效果的同时弹药也并不昂贵，这让其成为了敌军机群的噩梦，每一发都能给予敌军战机范围与伤害都相当可观的杀伤。其配套的纳米锻炉可以源源不断的为其补充弹药以保证其在大规模冲突时的续航能力。,,,,,
TDB_yun_jian2,WEAPON,云间垂发导弹作为一款防空导弹是弧光设计局非常成功的设计，拥有的先进的导航 AI 和优秀的破片效果的同时弹药也并不昂贵，这让其成为了敌军机群的噩梦，每一发都能给予敌军战机范围与伤害都相当可观的杀伤。其配套的纳米锻炉可以源源不断的为其补充弹药以保证其在大规模冲突时的续航能力。,,,,,
,,,,,,,
TDB_T.D,WEAPON,内置于人造光内部的集成光束炮，常规激发迅速。内置的特殊反应堆可以用溢散的能量对预充能电容充能以便在关键时刻给武器过充能来给予敌人重重的一击。,,,,,
,,,,,,,
TDB_ning_hua,WEAPON,凝华等离子火炮能将敌舰装甲和护盾撕裂的同时造成可观的电弧 EMP 来瘫痪敌舰其余系统。,,,,,
,,,,,,,
TDB_cai_yu,WEAPON,一种加压脉冲激光。裁雨相较于其他脉冲激光，它的高压能量脉冲能以更快的速度抵达更远的射程。这种特性让它成为远距离炮击战术的理想选择，深受那些信奉“先敌开火、先敌命中”的指挥官青睐。,,,,,
,,,,,,,
TDB_jie_shuang,WEAPON,一种大型动能蜂群导弹发射系统，内置了重型纳米锻炉持续供弹。搭载的特殊反护盾弹头使其专注于压制敌方护盾，但也彻底失去了反舰载机能力。。,,,,,
TDB_jie_shuang_m,WEAPON,轻型的结霜导弹发射架，体量虽小，仍内置了微型纳米锻炉以逐步恢复弹药储备，确保在持久交战中不会弹尽。相较于大型版本，它的重装填速度和单轮投射密度有所妥协。,,,,,
,,,,,,,
TDB_lian_yi,WEAPON,弧光设计局研发的弹匣式能量速射炮，擅长用高速的急促弹幕瞬间压垮敌人的护盾。尽管是反护盾武器，其对轻型装甲的的毁伤能力也不可小觑。,,,,,
,,,,,,,
TDB_duanhen,WEAPON,内置于舰体的重型导弹垂发单元，和内置的纳米锻炉相连可以源源不断的发射威力巨大的霜痕巡航导弹。,,,,,
TDB_duanhen2,WEAPON,内置于舰体的重型导弹垂发单元，和内置的纳米锻炉相连可以源源不断的发射威力巨大的霜痕巡航导弹。,,,,,
,,,,,,,
TDB_Focuspd,WEAPON,弧光设计局设计的点防御激光炮，相较于其他势力各具特色的点防御系统，各方面表现都略显平庸。但凭借合理的性价比，她仍不失为一款值得信赖的点防御武器。,,,,,
,,,,,,,
TDB_changkongpod,WEAPON,弧光设计局设计的一款能量支援导弹，用高昂的幅能需求换来了极快的恢复和可观的射程。作为一款为专门支援的后排舰船设计的支援导弹，它们通常用于压制敌人。,,,,,
,,,,,,,
TDB_changkongpod_l,WEAPON,长空导弹发射舱的大型版本，但和其他的大型导弹走的是扩容更大弹仓路线不同，这款导弹是换装了更加先进的纳米锻炉——这使得她在战场上能以一定的密度持续向敌军投送火力。和中槽版本一致，其也是用高昂的幅能代价换取无与伦比的支援压制能力。,,,,,
,,,,,,,
TDB_shuang_jiang,WEAPON,霜降防空炮搭载了先进的火控系统，这使得她不论是面对导弹还是战机都显得游刃有余。,,,,,
,,,,,,,
TDB_hu_luo_bo1,WEAPON,内置于太阳雨级 无人武库舰 的垂发阵列能快速向敌人投射压制用导弹，巨大且先进的纳米锻炉可以保证她在高强度的战场持续投送火力。,,,,,
,,,,,,,
TDB_yin_hua,WEAPON,一种高能脉冲炮，拥有足够可观的近距离火力投射，但耗能与射程是短板，不过作为一款突击爆发类型武器这些短板真的重要吗？,,,,,
,,,,,,,
TDB_fang_tang,WEAPON,同霜糖一样，方糖是一款自供能武器站系统，在尽可能的保证超高精度的同时使用自供能方案的代价就是低到离谱的输出功率，因此它常用于拦截小型飞机和大多数的导弹，对稍大一些重型飞机和鱼雷方糖几乎毫无办法。,,,,,
,,,,,,,
TDB_han_tian,WEAPON,内置与寒天学者内的等离子炮，巨大的压缩阵列能将大量带电的粒子压缩并发射出去。在炮弹接触目标时，不稳定的能量弹头将瞬间释放巨量emp彻底瘫痪目标舰船的电子设备。,,,,,
,,,,,,,
TDB_hai_tong,WEAPON,一种小型压制干扰导弹发射挂架，配备了可靠的纳米锻炉为其持续提供弹药，但其的弹头体积注定了它很难瘫痪中型以上的目标。官方给出的使用建议是:用于在对付小型目标时瘫痪对方的引擎和小型武器阵列来达到压制的目的。,,,,,
,,,,,,,
,,,,,,,
,,,,,,,
＃技能描述,,,,,,,
TDB_qu_dong,SHIP_SYSTEM,取消舰船碰撞进入时流模式，并极大幅度提高舰船机动性与小幅度的最高航速,,,,,
,,,,,,,
TDB_yq_gugu,SHIP_SYSTEM,为自身1000码范围内的友军提供20%的最高航速与护盾伤害减免，当其作为为旗舰时范围提升至1500码,,,,,
,,,,,,,
TDB_targetingfeed,SHIP_SYSTEM,根据不同机种提供不同加成，如果为支援机或战斗机则战机武器伤害提升70%，如果为拦截机则对导弹与飞机伤害翻倍，如果为轰炸机则获得30%的伤害抗性。,,,,,
,,,,,,,
TDB_targetingfeed2,SHIP_SYSTEM,启动超时空加速器，加快舰载机的时间流速。,,,,,
,,,,,,,
TDB_san_se_jin,SHIP_SYSTEM,大幅度提高机动性与最高航速，技能结束时依据幅能水平释放弹幕。,,,,,
,,,,,,,
TDB_ban_fei,SHIP_SYSTEM,起飞挂载于机身两侧的 泛光源 无人机，为本机提供护航。,,,,,
,,,,,,,
TDB_na_mi,SHIP_SYSTEM,允许纳米机器人开始自我复制，并立刻为灰风提供维修。,,,,,
,,,,,,,
TDB_tuxi,SHIP_SYSTEM,使舰船进入不稳定空间，通过不同空间的偏移来大幅度抵消受到的伤害并提高舰体1000质量，同时大幅度提高系统激活期间的舰船突进速度，但由于空间移动的不稳定性导致舰船机动性大幅度下降。,,,,,
,,,,,,,
TDB_li_zi_pao,SHIP_SYSTEM,激活光束炮的预充能电容进行过充能，使光束炮进行一次大功率输出。,,,,,
,,,,,,,
TDB_turretdeploy,SHIP_SYSTEM,向目标区域部署一个重型自动炮台协助组建防御，炮台类型根据协议的不同而不同。炮台搭载的微型驱动引擎可以支持炮台缓慢移动进行战术支援。,,,,,
TDB_turretdeploy2,SHIP_SYSTEM,向目标区域部署一个重型自动炮台协助组建防御，炮台类型根据协议的不同而不同。炮台搭载的微型驱动引擎可以支持炮台缓慢移动进行战术支援。,,,,,
,,,,,,,
TDB_shui_yin_deng_a,SHIP_SYSTEM,激活小型无人机打击系统，四架重型水银灯无人打击平台将会立刻起飞并掩护这艘母舰，当无人机被击毁后可由母舰的专用机库再生产。		,,,,,
TDB_shui_yin_deng_l,SHIP_SYSTEM,激活大型无人机防御阵列，十架重型水银灯无人防御平台将会立刻起飞并守护这艘母舰，当无人机被击毁后可由母舰的专用机库再生产。		,,,,,
TDB_shui_yin_deng,SHIP_SYSTEM,激活小型无人机防御系统，五架轻型水银灯无人防御平台将会立刻起飞并守护这艘母舰，当无人机被击毁后可由母舰的专用机库再生产。		,,,,,
,,,,,,,
TDB_piao_yi,SHIP_SYSTEM,进行一次紧急规避驱动，短时间内大幅增强机动与航速。,,,,,
,,,,,,,
TDB_dao_dan,SHIP_SYSTEM,经过一段时间的准备后部署8枚400能量伤害的相位鱼雷，鱼雷在靠近敌对舰船时自动上浮。,,,,,
,,,,,,,
TDB_wu_qi,SHIP_SYSTEM,启动热辐环流线圈，将武器开火的部分辐能回收并用于加强能量武器。但由于技术限制线圈的转化效率十分的低且启动期间会严重干扰引擎的运作。,,,,,
,,,,,,,
TDB_yq,SHIP_SYSTEM,通过现实透孔仪击穿空间建造的跃迁系统，跃迁结束后将会造成巨大的空间波动对非友军目标造成伤害，并且每次跃迁都有小概率恢复少量的舰体结构。,,,,,
,,,,,,,
TDB_SY,SHIP_SYSTEM,使舰载雷达全功率运转，在一定时间内提供3000码距离的视野扫描。特殊的雷达波将会干扰1500码范围内敌对相位舰船的相位线圈使相位波动硬幅能阈值降低50%,,,,,
,,,,,,,
TDB_FortressShieldStats,SHIP_SYSTEM,为护盾核心提供超额能量供给强化护盾盾效，使护盾所受伤害减少百分之50，期间持续增长硬幅能。,,,,,
,,,,,,,
TDB_canister_flak,SHIP_SYSTEM,为机身所有炮台装填特制对空弹药，并立刻开火形成弹幕撕裂来袭的敌机与导弹。,,,,,
,,,,,,,
,,,,,,,
,,,,,,,
